{"train/step":9000,"train/epoch":0,"train/learning_rate":0.0001686,"train/eta_minutes":6180.037858942441,"_timestamp":1.7646382903296459e+09,"_step":9000,"train/step_time":1844.884302932769,"train/progress":0.04285714285714286,"train/ppl":4802.347051186183,"train/loss":8.476860046386719,"_wandb":{"runtime":17321},"train/tokens_per_second":568369.5169030944,"_runtime":17321.995781941}