{"train/step_time":786.3988730823621,"train/ppl":220822.1352849581,"train/step":30,"_step":30,"_wandb":{"runtime":92},"train/epoch":0,"train/learning_rate":0,"train/loss":12.305112838745117,"_runtime":92.277122855,"_timestamp":1.7646183164517028e+09,"train/tokens_per_second":1.3333894997712937e+06}