{"_timestamp":1.764699419864998e+09,"train/step":120,"eval/loss":11.60291208267212,"_runtime":444.732867439,"train/epoch":0,"train/learning_rate":1.8e-06,"_wandb":{"runtime":444},"train/eta_minutes":6523.322451368558,"eval/perplexity":109415.96412367381,"train/loss":9.20161247253418,"_step":120,"train/progress":0.0005714285714285715,"train/step_time":1886.463601142168,"train/ppl":9913.100781039506,"train/tokens_per_second":555842.1585050116}