{"train/ppl":99833.50016595048,"train/grad_norm":17.210494815731277,"train/eta_minutes":6549.687284342082,"train/step_time":1900.6542302668095,"train/tokens_per_second":551692.1401599718,"train/progress":0.0009523809523809524,"train/step":200,"train/loss":11.511259078979492,"_timestamp":1.7646987618251436e+09,"_step":200,"_runtime":650.607278248,"train/learning_rate":3.6e-06,"eval/loss":12.198923625946044,"_wandb":{"runtime":650},"eval/perplexity":198575.29477382734,"train/epoch":0}