{"train/learning_rate":2.9999999999999997e-06,"train/step_time":969.291633926332,"_step":190,"train/tokens_per_second":1.0817961935279572e+06,"_runtime":515.620869119,"train/ppl":1.9916294975336134e+07,"train/loss":16.807048797607422,"train/progress":0.0009047619047619047,"train/eta_minutes":3420.2793931365272,"_wandb":{"runtime":515},"train/epoch":0,"_timestamp":1.7646198825412211e+09,"train/step":190}