{"train/ppl":52.14152262956546,"_wandb":{"runtime":7930},"train/loss":3.9539616107940674,"_timestamp":1.7646963321207287e+09,"train/grad_norm":0.08867699030836845,"_step":4080,"train/step":4080,"train/learning_rate":7.62e-05,"train/progress":0.019428571428571427,"train/tokens_per_second":571802.6814442012,"train/eta_minutes":6327.853704554734,"_runtime":7930.461710472,"train/step_time":1833.8074199855328,"train/epoch":0}